对话id,objid1,说话内容1,objid2,说话内容2,objid3,说话内容3,objid4,说话内容4,objid5,说话内容5,objid6,说话内容6,objid7,说话内容7,objid8,说话内容8
,为0时表示主角；否则为npcid,内容不能回车、使用半角的逗号,,,,,,,,,,,,,,
,,,,,,,,,,,,,,,,
1,1001,终于醒啦，你受了重伤昏迷好多天啦，大难不死必有后福。,0,究竟发生了什么？是你救了我？,,,,,,,,,,,,
2,1001,救你的是千叶师姐，她就在附近，你去感谢她吧！,,,,,,,,,,,,,,
3,1002,道友来啦，不用谢我，我只是路过而已！,0,那叫你雷锋好了！,,,,,,,,,,,,
4,1002,哈哈，道友真调皮，看你恢复得不错，可以帮我去采点草药来吗？,,,,,,,,,,,,,,
5,1002,动作挺快，你这么卖力真是讨人喜欢，道友气质不凡，想必有不同寻常的经历。,0,我好像丧失了记忆，究竟发生了什么？,,,,,,,,,,,,
6,1002,那天我办事路过山下竹林村，村里安静得似乎没有一个人，你可有印象？,0,并无什么记忆，但我应该不是这村的人吧？,,,,,,,,,,,,
7,1002,看样子你也是打酱油路过的，当时你身受重伤，只好将你先带回。,0,看来这事得仔细调查调查了。,,,,,,,,,,,,
8,1002,你可能中了离魂的术法，若要恢复记忆需慢慢调养身体才是。,,,,,,,,,,,,,,
9,1001,我看你真是蛮拼的，凡尘俗世那些东西忘记也罢，道友何不从头开始？,0,人怎么会不关心自己从何处来，往何处去？,,,,,,,,,,,,
10,1002,功法书是修仙道路上的必需品，要想功夫好，还得学习功法。这些赶紧装备上吧。,,,,,,,,,,,,,,
11,1002,装备好功法书，才能练成绝世武功哦~是时候展现真正的技术了。,,,,,,,,,,,,,,
12,1001,道友凡事要向前看，我有些更惨的经历，道友不妨听听？,0,你不妨说说。,,,,,,,,,,,,
13,1001,我是个百年难遇的天煞孤星，自小便被妖魔缠身……,1001,（一个时辰过去了……）,0,姑娘你还我三观！我知道你惨，别再讲了。,,,,,,,,,,
14,1001,刚刚在后山看到一群烦人家伙，道友若闲来无事，可以去见识见识。,,,,,,,,,,,,,,
15,1001,仙家之地，岂容这些腌H撒野。你这凡人还有些本事。,0,赞美之词听得我耳朵起茧了，请告诉我如何解开离魂之术。,,,,,,,,,,,,
16,1001,人生的道路总是坎坷，可惜我道行太浅帮不了你。元真师叔在这附近，你去问问他吧。,,,,,,,,,,,,,,
17,1003,竟然还有人惦记着老夫。离魂术没有可解之法，只有机缘巧合心窍突开，方可化解。,0,既如此，既来之则安之吧。,,,,,,,,,,,,
18,1003,白日放歌须纵酒！无酒无肉的日子嘴里快淡出个鸟来，道友帮我打点野味来吧。,,,,,,,,,,,,,,
19,1003,你这小娃娃有点眼光，这么好的野味，要是有美酒真真是极好的了。,0,“酒肉穿肠过，佛祖心中留”，好酒好肉的真人，真是够了。,,,,,,,,,,,,
20,1003,看你一脸嫌弃的样子还是算了。小娃娃初来乍到可否拜见过掌门？那可是真神仙。,0,我这就去拜见掌门。,,,,,,,,,,,,
21,1008,前番听说千叶救了个人昏迷不醒，没想到才几天，你已经恢复如常了。,0,多谢贵派的救命之恩。,,,,,,,,,,,,
22,1008,小道友既然已经失忆，可有什么打算？,0,失忆的人随便哪里都能潇洒，眼下没有什么打算。,,,,,,,,,,,,
23,1008,小道友年纪小小就能如此洒脱，也是个厉害人物。,,,,,,,,,,,,,,
24,1008,青云山天下清修之地。我青云派虽不是什么修仙大派，道友不嫌弃可加入我派。,0,掌门既肯收留，在下感激不尽，怎能嫌弃。,,,,,,,,,,,,
25,1008,知天命，守大道。既已加入我青云派，就要遵守门规。,0,弟子谨遵掌门教诲。,,,,,,,,,,,,
26,1008,门派一些事宜都由你大师兄负责，你上他那报到去吧。,,,,,,,,,,,,,,
27,1009,掌门竟然收你做了入门弟子，你能有什么特殊本领，我也是醉了。,0,并没什么特殊技能，就是特别帅。,,,,,,,,,,,,
28,1009,修仙讲究仙缘，若想走修仙之路，需用适合自己的术法。你且做一下灵根测试。,0,（测试？我这么骨骼清奇一看就知道吧……）,,,,,,,,,,,,
29,1009,资质二流偏上，灵根勉强算三品。需要勤加修炼才行，否则日渐平庸。,0,听起来还是很有仙缘的嘛！就说自己骨骼清奇~\(RQ)/~啦~,,,,,,,,,,,,
30,1009,你灵根不错，若走上修仙之路必大有可为。我已为你推了气，你且去试试身体如何。,0,果然是大师兄，整个人都暖暖哒。,,,,,,,,,,,,
31,1009,如今的孩子都是这么聪明上劲，你身子虽已无大碍，但仍需安心静养才好。,0,师兄说的是，我努力做个安静的修士！,,,,,,,,,,,,
32,1009,后院那里种有许多仙草，这些仙草做成的各种小药都是修仙必需品，你去采点回来。,0,好嘞，给你来一斤！,,,,,,,,,,,,
33,1009,采了那么多？仙草都是论株算的，你这好几斤的样子啊。,0,我很能干啊。,,,,,,,,,,,,
34,1009,归元那小子不知又跑哪里捣乱去了，你去找找他，别让他闯祸。,0,龟？圆？很好吃的样子。,,,,,,,,,,,,
35,1010,大师兄让你来的？咳咳，新来的，我可是这山上最帅最萌的男人，你可要记住了。,0,你说得这么认真，我差点就信了。,,,,,,,,,,,,
36,1009,你刚入门不久，估计还有很多东西不了解。别怕，跟师兄一起学吧。,,,,,,,,,,,,,,
37,1009,现在你已经掌握自学技能，有疑问就用力戳它吧！,,,,,,,,,,,,,,
38,1010,新来的，你身手如何？我刚刚玩耍的时候，被一群恶虎欺负了，你帮我教训教训。,0,额，听起来像是你故意惹他们的。,,,,,,,,,,,,
39,1010,新来的身手竟然这么厉害！以后不能小瞧了你。,0,别老新来的新来的，我出道的时候，你还不知道在哪里喝奶。,,,,,,,,,,,,
40,1010,人见人爱花见花开的空妙儿让我采的无心草我给忘记了，你帮我送过去吧。,0,哇擦咧，好懒！算了，不跟小孩子计较。,,,,,,,,,,,,
41,1011,多谢。嘻嘻，他既然这么夸我的话，我也只好承认了。,0,你俩那么小就开始恶心人了，哎,,,,,,,,,,,,
42,1010,大师兄是不是知道我在他衣服上涂鸦的事了啊？呜呜……我怕被打屁股，你帮我求求情可好？,0,小孩子终于知道怕了。,,,,,,,,,,,,
43,1009,这个闯祸精，天天胡闹，简直要把我给气得死去……又活过来。,0,师兄你一脸宠溺的样子真的好吗？！,,,,,,,,,,,,
44,1009,一点小事也吓成这样，你去告诉他毋庸担心，空妙儿已经把衣服洗干净了。,,,,,,,,,,,,,,
45,1010,太好了，屁股又逃过一劫。,0,你们好烦啊。,,,,,,,,,,,,
46,1010,人见人爱花见花开的空妙儿竟然还这么勤快，你要帮我好好谢谢她。,0,有报酬的跑腿我都愿意。,,,,,,,,,,,,
47,1011,嘻嘻，这就叫做美丽善良，不用谢，不用谢。,0,真是够了。,,,,,,,,,,,,
48,1011,看你的样子身手肯定不错，我想要那些火猿的爪子做成丹药，你就帮帮宝宝吧。,0,你这表情谁见谁怜，看来不帮不行。,,,,,,,,,,,,
49,1011,我眼光果然不错，你身手真让人惊艳，有了这些火猿爪终于可以做药啦！,0,那是你功夫太差。好好学习总不会吃亏。,,,,,,,,,,,,
50,1011,好看的东西总能刺激人的占有欲比如这些好看的狐狸，你帮我抓几只吧，它们太狡猾了。,0,想要自己却不动手，你也太狡猾了。,,,,,,,,,,,,
51,1011,萌萌哒狐狸以后就是我的宠物了！哈哈，下次我玩引魔烟的时候，就喊上你吧。,0,小姑娘，真会玩。,3001,尊上有令，先留你不死，哈哈你都不知道自己有多么美妙！,,,,,,,,,,
52,1011,后山好像出事了，我刚刚看到元虚师叔带了几个师兄急匆匆过去，你快去看看。,0,最近很不平静啊，不过，我喜欢。,,,,,,,,,,,,
53,1012,这里很危险，你尚未修习术法，还是赶紧回去吧。,0,师叔不要见外，我的武功只会让你大吃一惊。,,,,,,,,,,,,
54,1011,运气也是一种实力。你武功这么厉害，不介意抽个奖吧，抽到大奖不用谢我。,,,,,,,,,,,,,,
55,1011,怎么样，抽奖的感觉如何？没事多做做日常，抽抽箱子，随随便便走上人生巅峰！,,,,,,,,,,,,,,
56,1012,这附近诡异非常，平日修仙清净之地，不知何人作乱，你且去查看查看。,,,,,,,,,,,,,,
57,1012,附近的生物都丧心病狂了？可恶，这些家伙会殃及无辜！,,,,,,,,,,,,,,
58,1012,必须尽快解决这些发狂的怪鸟，免得殃及无辜，你去速战速决。,,,,,,,,,,,,,,
59,1012,看来是老朽低估你了，的确是个修仙的奇才啊。,0,奇才算不上，还请师叔莫要再小瞧了我。,,,,,,,,,,,,
60,1012,这里的树精平日里都老老实实，今日也发狂到处攻击人，你赶紧去铲除它们。,,,,,,,,,,,,,,
61,1012,这些失控的树精会制造毒液，触则销骨，你竟然毫发无损，真是后生可畏。,,,,,,,,,,,,,,
62,1012,失控的树精王只怕更难对付，你千万小心，不可大意。,0,,,,,,,,,,,,,
63,1012,虽然这些树精已被铲除，但事情原因还有待调查，宵小恶徒一定要严惩。,0,没想到修仙之地不是什么怪就是什么精的。,,,,,,,,,,,,
64,1012,空妙儿那小丫头法术不行，却最爱凑热闹，你去告诉她这地方危险不适合玩耍。,,,,,,,,,,,,,,
65,1011,既然你们都说那里危险，我不去就是了，嘻嘻，生命宝贵，这我知道。,0,忽然这么乖，很不习惯啊。,,,,,,,,,,,,
66,1011,那个地方生长一种无心草，十分美丽漂亮，既然我不能去，就麻烦你采一点喽。,,,,,,,,,,,,,,
67,1011,辛苦你了。这么美美哒无心草我还是头一次见到。,0,你喜欢就好。,,,,,,,,,,,,
68,1012,现在情况仍然十分凶险，我教你御剑之术，你快去告知掌门后山之事。,,,,,,,,,,,,,,
69,1008,没想到你表现这么优秀，后山情况不必担忧，吾自会处理妥当。,0,掌门你要不要这么淡定啊喂。。,,,,,,,,,,,,
70,1008,吾这里有一封参加品阶大会的推荐信，这是修士进阶的好机会，不要错过。,0,只要活着就一定能遇见好事，多谢掌门。,,,,,,,,,,,,
71,1015,我遇到的人不少，就是没见过从天上掉下来的。,,,,,,,,,,,,,,
72,1015,你是来参加品阶大会的？可否听我唠叨几句？,0,听说你是个精明的商人，你有啥话，说吧。,,,,,,,,,,,,
73,1015,不错，我喜欢跟聪明人讲话，我知道一些事情，你肯定感兴趣。,0,难道是传说中的隐藏任务吗？,,,,,,,,,,,,
74,1015,珍贵的消息总要价格合理，你能给的起好的价格，我就告诉你。,0,传说树精王浑身是宝，它的精元能使盲人复明，这个树精王就在青云山。,,,,,,,,,,,,
75,1015,真是个聪明人，既然你好心好意告诉我，我也会按照规矩办事的。,0,前辈果然是前辈，还请快点告诉我品阶大会的消息吧。,,,,,,,,,,,,
76,1015,你去找郝抠门，告诉他是我让你找他的，他自然会明白。,0,奸商果然都是一伙的。,,,,,,,,,,,,
77,1016,老太婆让你来找我就是我们的人了，有啥事我自然帮忙。,0,什么叫成你们的人啦？！此次品阶大会还请指点。,,,,,,,,,,,,
78,1016,抠门有抠门的好处，我能用一堆废铜烂铁也能创造出修仙至宝，要不要学？,,,,,,,,,,,,,,
79,1016,怎么样？自己动手做牛逼的装备，才是最专业的好装备。,,,,,,,,,,,,,,
80,1026,我有一批货物让缺心婆帮我处理的，你帮我问问情况。,0,好嘞，跑腿打杂走起！,,,,,,,,,,,,
81,1015,货物？还有这档子事儿？看我的名字就知道我肯定忘了。,0,不是吧，你这么缺心真的没事吗？,,,,,,,,,,,,
82,1015,我想起来了，貌似我当时卖给了郝抠门，你拿欠条帮我收回货款吧。,,,,,,,,,,,,,,
83,1016,这批货物早就被盗走了，这缺心婆这会子要钱干嘛。,0,欠债还钱，你管她什么时候要。,,,,,,,,,,,,
84,1016,谁要是欠债不想还谁就是孙子！我之所以没还是有原因的，你一定要听我说说啊！,0,好吧，你不妨说一说，我姑且听一听。,,,,,,,,,,,,
85,1016,那批货小连动都不来得及，就被人连夜盗走了，这笔钱我不该还。,0,怎么就成你不该还了，抠门。,,,,,,,,,,,,
86,1016,既然货物我没用着，你去告诉缺心婆让她去找盗贼要钱吧。,0,这么狡辩，果然是个抠门的商人。,,,,,,,,,,,,
87,1015,这么就把责任推给盗贼了？做生意做他那份上估计就到头了。,0,如今的人啊，都不知道诚信是什么。,,,,,,,,,,,,
88,1015,你帮我告诉郝抠门，白纸黑字写的欠条他别想抵赖，大家公堂上见吧。,0,这样的奸商，就该受到法律制裁。,,,,,,,,,,,,
89,1016,有话好好说啊，别没事就对簿公堂多没劲啊。,0,你倒是好好说话啊。,,,,,,,,,,,,
90,1016,要钱真没有。,0,你可以拿东西来抵债嘛！,,,,,,,,,,,,
91,1016,反正我东西多，你可以让缺心婆到我家仓库里挑一件宝贝出来。,0,这样就对了嘛,,,,,,,,,,,,
92,1016,劳烦你告诉缺心婆今天来我这里选宝贝，货款是真没有，就用这个抵偿吧。,0,这还差不多。,,,,,,,,,,,,
93,1015,郝抠门哪里有个宝贝我喜欢很久了。哈哈,0,是宝贝你都会喜欢的。,,,,,,,,,,,,
94,1015,这些银子你送给颜如玉吧，就跟她说是那批货的货款。,0,真是太假了，反正她也不亏。,,,,,,,,,,,,
95,1026,拖缺心婆办事我放心，果然给办的妥妥当当。,0,……我竟无言以对。,,,,,,,,,,,,
96,1026,想不想要一个私人坐骑？想不想纵马扬鞭做追风少年？跟我来吧。,,,,,,,,,,,,,,
97,1026,现在你已经有了属于自己的坐骑，出门走路居家旅行必备。,,,,,,,,,,,,,,
98,1016,酒馆老板娘颜如玉与品阶大会有很大的关系，就看你有没有本事了。,,,,,,,,,,,,,,
99,1026,哎呦，这位道友是来参加品阶大会的把。人家这里有美酒美人，快过来坐坐嘛。,0,你向我撒娇并没有什么卵用。,,,,,,,,,,,,
100,1026,人家开个玩笑啦，还想劳烦道友帮忙捎带一封家书。,,,,,,,,,,,,,,
101,1017,多谢道友，颜如玉让你把这封信送来，想必是对你寄予厚望。,0,都什么鬼啊？我只是送了一封信而已。,,,,,,,,,,,,
102,1026,是不是向往那些镶满星星的装备？跟着人家学习装备升星方法吧。,,,,,,,,,,,,,,
103,1026,怎么样？很简单吧，只要掌握了方法躺着都能让装备与众不同！,,,,,,,,,,,,,,
104,1017,这其实是一封推荐信，这封信的真实意义想必你也想知道。,0,好吧，你不妨说一说，我姑且听一听。,,,,,,,,,,,,
105,1017,这信中施有术法，如果你私自打开会立即中招，一直昏迷至品阶大会结束。,0,吓死宝宝，还好我不关注别人隐私。,,,,,,,,,,,,
106,1017,你还真是走运，既然你获得了推荐信，赶紧去拜见玄虚子道长吧。,0,运气也是一种实力。,,,,,,,,,,,,
107,1018,那么久了这封信终于回到了我手里，既如此也是天意。,0,好吧，我好像真的遇到了传说中的高人。,,,,,,,,,,,,
108,1018,我曾经欠下别人一个约定，你可知道这封推荐信的作用吗？,0,还请道长告知。,,,,,,,,,,,,
109,1018,那个约定就是，他日有人拿此信来见我，我就要收他为徒。,0,看来我真是走了狗屎运了。,,,,,,,,,,,,
110,1018,有约必守是一种美德，小道友愿不愿意拜老朽为师呢？,0,师父在上，受徒儿一拜。,,,,,,,,,,,,
111,1018,好好，既然有缘，收你为徒又如何。,0,其实我一开始是拒绝的，不过有个师父貌似不错。,,,,,,,,,,,,
112,1018,贪狼山附近近日妖孽横行，你且前去查看情况。,0,打怪什么的最有意思啦！,,,,,,,,,,,,
113,1019,你是来高人派来的救兵吗？真是太好了！,0,师父让我来巡山呐~咿呀咿呀哟~,,,,,,,,,,,,
114,1019,这些磨人的小妖精快毒死本少爷了，仙人救命啊！,0,看在同类的份上帮你吧。,,,,,,,,,,,,
115,1019,我就路过，怎么就惹上这些个邪祟，多谢仙人救命之恩。,0,怕死还到这地方瞎转悠。,,,,,,,,,,,,
116,1019,我本是来此地采集些狐狸皮，没想到这么晦气，还要劳烦仙人帮忙了。,0,真是事儿多。,,,,,,,,,,,,
117,1019,有劳仙人了，这么好看的狐狸皮还真是少见啊！,,,,,,,,,,,,,,
118,1019,我明明跟一个美女一起来的，她人呢？仙人快去找找她吧。,0,果然是个好色之徒。,,,,,,,,,,,,
119,1020,刚刚有个坏人一直跟着奴家，害得奴家都迷路了，讨厌~,0,终于找到你了。,,,,,,,,,,,,
120,1020,刚刚有几个讨厌的山贼想吃奴家的豆腐，你替奴家去惩戒他们嘛~,0,这样都能被吃豆腐……果然人不可貌相。,,,,,,,,,,,,
121,1020,既然你救了奴家一命，奴家愿意答应恩人一件过分的要求。,0,姑娘，请穿好衣服好好说话。,,,,,,,,,,,,
122,1020,此地阴森森的好怕怕啊，恩人能否帮我采集些扶元草压压惊？,0,看不出你娇弱啊……,,,,,,,,,,,,
123,1020,这些可都是救命的草，你比我亲妈都好~,0,你每次感谢都那么雷人。,,,,,,,,,,,,
124,1020,这山无端多了好多妖怪，好担心姥姥啊，恩人替奴家看看姥姥可好？,0,你……难道不是妖……,,,,,,,,,,,,
125,1021,难为她有心，你这个修仙之人怎么会出现在这里？打什么主意？,0,我只是来巡山的。,,,,,,,,,,,,
126,1021,你可知道这山为何看上去风景秀丽，实际诡异之极吗？,0,姥姥这么问，肯定看出了真相。,,,,,,,,,,,,
127,1021,我听一些小妖说，最近魔域四处作恶，害了不少人。,0,魔域？听上去很神奇。,,,,,,,,,,,,
128,1021,这里看似平常，实则处处皆是虚幻，快去杀死那些虚假的东西。,,,,,,,,,,,,,,
129,1021,妖是妖他妈生的，魔是魔他妈生的，这些魔这么欺负人，不得好死。,0,姥姥说的是。,,,,,,,,,,,,
130,1021,我已经老得打不动怪了，你把剩下的那些坏家伙处理掉。,0,坏蛋是杀不完的……,,,,,,,,,,,,
131,1021,现在世界发生的很多事我都不明白，是时候该休息休息了。,0,姥姥我会替你杀坏蛋的！,,,,,,,,,,,,
132,1021,很多人被困在了幻境里，那边有个道长，你去问问破除幻境的方法。,0,,,,,,,,,,,,,
133,1022,没想到在这遇见你，听说这次品阶大会你表现不错。,0,哪里哪里，不知师叔怎会在此。,,,,,,,,,,,,
134,1022,吾奉掌门之命来此调查情况，不知你发现了什么没有？,0,听说是魔域搞的鬼，很多无辜生灵被屠杀。,,,,,,,,,,,,
135,1022,不错，确是魔域所为，难道洪荒之乱又要上演了吗？,0,洪荒之乱？就是魔域妄图称霸六界的那次吧。,3001,一群鼠目寸光之辈！庸俗蝼蚁岂明鸿鹄之志！,,,,,,,,,,
136,1022,魔尊野心昭昭，看来又是一场浩劫！你去看看你师姐怎么样了。,0,师姐竟然也来了。,,,,,,,,,,,,
137,1023,这次下山就是来查看情况，山中危险你要当心。,0,多谢师姐提醒。,,,,,,,,,,,,
138,1023,刚才被怪物袭击受了点小伤，你帮我采些止血草过来。,0,这点小事，一定办到。,,,,,,,,,,,,
139,1023,你做得很好，只是我受伤了恐怕要拖累你们了。,0,师姐的救命之恩我永远不忘，这点事不拖累的。,,,,,,,,,,,,
140,1023,这周围很多怪物全都有毒，你把周边它们清理干净，免得伤及无辜。,0,师姐真是好人，放心吧，交给我了。,,,,,,,,,,,,
141,1023,速度挺快，几日不见，你竟然变得如此厉害。,0,都是师父教得好。,,,,,,,,,,,,
142,1023,元虚师叔正在设法解除幻境，你身手不错，去帮帮忙吧。,,,,,,,,,,,,,,
143,1022,千叶受伤了？得赶紧解除这个幻境才好，不能让它再害人了。,0,魔域太会找事了，就不能和平共处吗？,,,,,,,,,,,,
144,1022,幻境已经解除，你去通知那些被困的江湖人士，让他们速速撤离。,0,师叔放心，保证办到。,,,,,,,,,,,,
145,1024,没想到我堂堂武林第一剑今日差点葬身于此。,0,第一贱？是哪个贱？少侠不必客气。,,,,,,,,,,,,
146,1024,我知道有关魔域的一些消息，恩人是不是很感兴趣？,0,好吧，你赢了，说吧。,,,,,,,,,,,,
147,1024,魔域这次那么嚣张是因为他们收集到了许多元石碎片，不过还未集齐。,0,……是不是集齐了能够召唤神龙啊。,,,,,,,,,,,,
148,1024,在下本是来寻找火猿爪救一位朋友，如今只能请恩人帮忙了。,0,救人要紧，这事包我身上了。,,,,,,,,,,,,
149,1024,大恩不言谢，日后恩人有何需要，在下一定舍命相报。,0,一言为定。少侠也要记得好好留着这条命。,,,,,,,,,,,,
150,1024,魔域之人真是可恶，还请恩人将魔域的恶行告知江湖人士。,0,好的，我尽力而为。,,,,,,,,,,,,
151,1025,阿弥陀佛，一切有为法。魔域作恶多端，我佛岂能袖手旁观。,0,说的好，大家应该团结一致！,,,,,,,,,,,,
152,1025,这附近有个修仙的高人，你将山中情况告诉他，请求修仙界协助。,0,高人？不会就是我师父吧。,,,,,,,,,,,,
153,1018,魔域这次大规模入侵，恐怕早有准备，我们需得小心。,0,不知师父有何对策。,,,,,,,,,,,,
154,1018,已经有部分军队前去讨伐魔域，你去,0,不知他们这碎片收集多少了。,,,,,,,,,,,,
155,1027,元石碎片？我们来到时魔域之人正在撤退，兄弟们,0,将军威武！傻逼必须死！,,,,,,,,,,,,
156,1038,你可知道目前魔兵的实力如何？待我用智商来压制他们！,0,并不知道，不过集齐碎片他们能够召唤神龙。,,,,,,,,,,,,
157,1038,他们休想集齐碎片！弹丸之地我只需三千轻骑就能踏平！,0,好的将军！是的将军！将军威武！,,,,,,,,,,,,
158,1038,兄弟们的刀许久未沾血了，你看看粮草准备好了没。,,,,,,,,,,,,,,
159,1039,你就是来帮忙的修士吧？果然气质不凡。这下省力气多了。,0,万万没想到，你就是锤锤。,,,,,,,,,,,,
160,1039,现在我们兵士精壮，粮草充足。快去告诉将军吧。,,,,,,,,,,,,,,
161,1038,物资准备不错，万事俱备只欠东风。这些魔来一个我们就他宰一个。,0,好的将军！是的将军！将军威武！,,,,,,,,,,,,
162,1027,这里真是一片阴暗的血色修罗世界，你去通知兄弟们小心陷阱。,0,这里好像地狱。,,,,,,,,,,,,
163,1028,多谢将军提醒，这里鬼气森森真是让人难受！,,,,,,,,,,,,,,
164,1028,很多弟兄们已经被魔气感染，失去战斗力，你赶紧把情况告知将军。,,,,,,,,,,,,,,
165,1027,魔尊为一己之私，祸乱苍生，本将军要好好教他做人。,0,魔尊本来就不是人……,,,,,,,,,,,,
166,1027,魔尊妄想六界臣服，我第一个不答应！小道友气质不凡，跟我一起杀怪吧！,,,,,,,,,,,,,,
167,1027,那帮匪类本将军还不放在眼里，傻逼必须死！,0,将军威武！傻逼必须死！,3001,愚蠢的凡人，总有一天让你们感受下力量的可怕。,,,,,,,,,,
168,1027,一些体弱的士兵被魔气感染，你想办法接近魔族人取得信任获得解药。,,,,,,,,,,,,,,
169,1029,你是从人界来的吗？那你可要小心这里魔气养出来的魔兵。,0,那么诡异的地方，你果然不是人。,,,,,,,,,,,,
170,1029,听说人界有很多好吃的东西，我都没见过没吃过，你能帮我吗？,0,糖葫芦、桂花糕、杏仁酥……只有你想不到，没有我办不到。,,,,,,,,,,,,
171,1029,你真好，虽然我们全家都是魔，可是我想和你做朋友。,0,嗯呢！朋友不分种族！不知如何解这魔毒，还请朋友帮忙。,,,,,,,,,,,,
172,1029,这些魔兵傀儡的精元就是解除魔毒最好的解药，嘻嘻，一般人我不告诉他。,0,谢谢你这个朋友。,,,,,,,,,,,,
173,1029,你已经找到了解药，我们还能做朋友吗？,0,当然可以。以后你一个小孩子不要在外面瞎逛。,,,,,,,,,,,,
174,1029,奇怪，你身上有一股我们的气味。我术法不够，找我师父给你看看吧。,0,魔族的味道？开什么玩笑！姑且去问问吧。,,,,,,,,,,,,
175,1030,凡人，你身上竟有如此微妙的气息，亦正亦邪，果然是妙极了！,0,究竟是什么情况啊？我只想安静地修仙啊！,,,,,,,,,,,,
176,1030,凡人的身体怎能承受如此强大的力量，先去找点扶元草调理精气，否则就要交代在这了。,0,不明觉厉！我还是吃点草保命吧。,,,,,,,,,,,,
177,1030,遇到我算你走运，既然是我们魔族人我已疏导你体内魔气，不至塞胸窒闷。,0,这样就成你们一族的了？太简单了点吧。,,,,,,,,,,,,
178,1030,现在你体内魔气已经被暂时疏导，凡人，快试试这股新的力量。,0,身体果然轻松许多。,,,,,,,,,,,,
179,1030,这股力量如何？你不杀人，人便杀你，人类所谓正道也不过尔虞我诈。,0,不要以偏概全，善恶不是种族就能简单划分的。,,,,,,,,,,,,
180,1030,你体内的魔气虽然被暂时疏导，但随时都有可能反噬，详情可以问问大长老。,0,我体内怎会无端产生魔气？真是见了鬼了。,,,,,,,,,,,,
181,1033,你这个半人半魔的怪物，有什么资格来讨伐魔域！,0,做了坏事就应当被讨伐。,,,,,,,,,,,,
182,1033,这六界本来就是我魔族的，我们只是拿回属于自己的东西，怎么你不信？,0,信你？凭什么？,,,,,,,,,,,,
183,1033,这世界本就是强者的世界，我们魔界历来都是六界最强的。,0,强者？是你们自封的吧。,,,,,,,,,,,,
184,1033,洪荒之时我们魔族称霸六界，却遭神仙界记恨，你可知后来如何？,0,难道就爆发了传说中的洪荒之乱？,,,,,,,,,,,,
185,1033,魔尊冥夜被诸神诛杀，属于我们魔族的荣耀都消失了。,0,那肯定是魔尊冥夜干了不少坏事。,,,,,,,,,,,,
186,1033,看在同族的份上，我好心告诉你这里马上被魔尊废弃，你赶紧找你的小伙伴吧！,0,真是可恶！你这么坏你妈知道吗？,,,,,,,,,,,,
187,1031,这里要被废弃了？难怪到处只有这些魔气养出来的傀儡在抵抗。,0,看来魔尊冥苍早就已经计划好撤退了。,,,,,,,,,,,,
188,1031,既然你已经找到了解除魔毒的方法，就请帮忙多采集些来吧。,0,没问题，你们都受伤了，这些交给我来做吧。,,,,,,,,,,,,
189,1031,没想到这些魔气养出来的傀儡这么毒，这回魔尊是要动真格了。,0,你不会一直以为他闹着玩吧……,,,,,,,,,,,,
190,1031,还有许多人需要救助，止血草需求量大大滴有，你去多多滴采。,0,好的，你大大滴放心，保证多多滴采。,,,,,,,,,,,,
191,1031,为何不能和平共处？为何要有战争？为何要去杀人……,0,是啊，到底是为什么？弄明白就能获得和平奖了。,,,,,,,,,,,,
192,1031,魔尊撤离的消息要尽快通知大家，你去问问元真师叔的意见吧。,0,元真师叔也来了？不让我打野味就好。,,,,,,,,,,,,
193,1032,怪不得这里很难看到魔兵，都是一些被魔气养出来的傀儡。,0,这些傀儡个个都挺厉害，吃什么长的啊？！,,,,,,,,,,,,
194,1032,魔尊想把这里变成地狱吗？到处都是魔兵傀儡，你去能铲除一些是一些。,0,不就是打架嘛，这种坏人我看见就手痒痒！,3001,这些礼物感觉如何？让你们空手而归岂不太无聊了，哈哈！,,,,,,,,,,
195,1032,你做得很好。冥苍早有准备，看来洪荒之乱的一切又要上演了。,,,,,,,,,,,,,,
196,1032,此地不宜久留，老朽组织人员撤离，你速去将情况告知玄虚子。,,,,,,,,,,,,,,
197,1018,此次攻打魔域失败，得缓和好一阵子才行。,,,,,,,,,,,,,,
198,1018,冥苍收集碎片无非是想得到最强大的魔族之力，你可知碎片的来历？,0,不是集齐碎片可以召唤神龙？,,,,,,,,,,,,
199,1018,当年冥苍的哥哥冥夜统治六界，死后其精元化作元石，分裂成碎片四处散落。,0,所以集齐碎片，就可以得到冥夜的力量了？原来如此。,,,,,,,,,,,,
200,1018,讨伐魔尊一事还得缓缓，近来多地童男童女被抓，你去调查此事。,,,,,,,,,,,,,,
201,1034,一别数日，恩公别来无恙。坊间传言这一带有妖狐出没，恩公莫不是为此事而来？,0,狐妖突然袭击人类，此中必有蹊跷。,,,,,,,,,,,,
202,1015,人界最近很不平静，听说好多人家的孩子都被妖怪抓走了，道友可去打听打听。,0,哪来那么多妖怪啊？！,,,,,,,,,,,,
203,1026,被妖怪抓走？我的消息可没那缺心婆灵通，不过最近好像是有那么几桩奇事。,0,八卦都是你们这样传的，有还是没有啊。,,,,,,,,,,,,
204,1026,想起来了，郝抠门的孩子好像被抓了，你问问他或许能行。,0,郝抠门？他这种人都能娶媳妇生娃！,,,,,,,,,,,,
205,1016,一提我就想哭，我那么辛苦养大的娃啊！我怎么那么命苦？！,0,你关心的不是娃，是你自己吧。,,,,,,,,,,,,
206,1016,那妖怪会吸人精血，官府都不敢惊动。你去找玄虚子救救我苦命的孩子吧。,0,想不到你也会求人，姑且帮你吧。,,,,,,,,,,,,
207,1018,为民除害我们修仙之人义不容辞，此事我会安排妥当。,0,是，师父。,,,,,,,,,,,,
208,1034,这狐妖本以动物为食，不会主动进攻人类，如今还是先找到那些孩子再说。,0,剑兄说得有理。,,,,,,,,,,,,
209,1034,孩子都被狐妖锁在了山洞中，身边还有不少小妖看守。,0,感觉这些妖都怪怪的，缺少生气。,,,,,,,,,,,,
210,1034,趁那狐妖不在，可从这些小妖身上找到钥匙，救出孩子要紧。,0,这些小妖都没什么战斗力，看我的！,,,,,,,,,,,,
211,1034,孩子平安无事就好。这附近狐狸骚臭味十分浓重，你要小心。,0,狐狸狡猾能幻化人形，小心点好。,,,,,,,,,,,,
212,1034,眼下还得把那狐妖找出来铲除才好，免得继续害人。,0,这些害人的妖精来一个我打一个！,,,,,,,,,,,,
213,1035,姐虽曾想害人却不曾真正害人，姐很冤的啊！,0,害人还有理了！,,,,,,,,,,,,
214,1035,你们这些修仙正派自诩自己杀人有理，你可愿听听我的道理？,0,说来听听，杀你不急这一时片刻。,,,,,,,,,,,,
215,1035,姐辛苦修炼的内丹被可恶的人类取走了，姐才不得不去害人。,0,我就说此中必有蹊跷嘛。,,,,,,,,,,,,
216,1035,我们这些小妖没了内丹只能等死，如今只能靠扶元草度日，你帮我采些来吧。,0,都是一条命，如今你也没真的害人，暂且帮你好了。,,,,,,,,,,,,
217,1035,对于姐来说，那些个童男童女只是些补品，并不能挽回生命。,0,所以你并不急着享用，原来如此。,,,,,,,,,,,,
218,1035,姐就要死了，姐要送个礼物给你这个半魔的怪物。,0,这么轻易就狗带了……（啊！什么东西，胸口好闷）,,,,,,,,,,,,
219,1035,怎么样？这是姐的最后一口气，正好可以增强你体内魔气。,0,增强？！这魔气我不想要啊！,,,,,,,,,,,,
220,1035,那个臭道士夺走了我的内丹，你这娃娃若要谢我就帮我报仇吧。,0,谁说要谢你了啊喂！臭道士？去会会好了。,,,,,,,,,,,,
221,1036,小道友来此处是为取材的吗？这里群妖聚集，杀起来不要太爽！,0,你这个道士怎么滥杀无辜啊？！,,,,,,,,,,,,
222,1036,这些妖性本恶劣，于人类有害无益，你难道要助纣为虐？,0,妖也有好妖，人也有坏人。,,,,,,,,,,,,
223,1036,这里的小妖可真是个宝贝，内丹纯净，对老夫修道来说真是极好的。,0,你真是堕落的无法交流了。,,,,,,,,,,,,
224,1036,为修道杀几个妖又如何，黄毛小儿善恶不分，老夫的宠物教育教育你！,0,你的宠物？来多少我都不怕！,,,,,,,,,,,,
225,1036,没想到你还有两下子嘛，小小年纪何不跟我一起修炼呢？,,,,,,,,,,,,,,
226,1036,不自量力，老夫的宠物多的是！再放点小家伙陪你玩玩！,0,你最好束手就擒，否则有你好看！,,,,,,,,,,,,
227,1036,有趣有趣，你体内有股奇怪的力量，看来也是个宝贝！,0,看你猥琐的目光有在打什么主意？！,,,,,,,,,,,,
228,1036,糟糕那个和尚怎么在这！这附近人多老夫就不陪你玩了！,0,他日再遇到你定叫你好看！,,,,,,,,,,,,
229,1040,那个堕落的修道者居然跑掉了？此人作恶多端早被同道所弃。,0,待我找到他决不轻饶！,,,,,,,,,,,,
230,1040,这一带曾经住满了人，却忽然之间全部消失了，你可真其中的缘由吗？,0,真有此事？这是在讲鬼故事吗？,,,,,,,,,,,,
231,1040,由于这里灵气充足，人类消失之后就被小妖们占领了。,0,怪不得全是些道行浅的小妖。,,,,,,,,,,,,
232,1040,这里小妖内丹纯净，估计还潜伏着许多堕落修道者，你去解决他们。,0,这些人不自己努力，贪图捷径，真是欠揍！,,,,,,,,,,,,
233,1040,你做得很好，这些小妖多数也是心善之徒不会主动进攻人类。,0,大家能够和平共处就好了。,,,,,,,,,,,,
234,1040,你去准备些蓍草，老衲要为这些亡灵超度，希望他们能往生净土。,0,鬼神之说，信也没啥坏处。这就去采。,,,,,,,,,,,,
235,1040,南无喝怛那哆夜耶……摩诃迦卢尼迦耶……,0,……听不懂。,3001,哈哈有趣！你的能力已经越来越强，尊上已经快忍不住了！,,,,,,,,,,
236,1040,玄虚子正在附近调查什么，了无音让你去拜见师父。,0,玄虚子可是你的师父？听说他正在附近调查一些事情，你过去拜见吧。,,,,,,,,,,,,
237,1037,师父怎么也来了？晚辈这就去找他。,0,你来啦！这地方明明是个村庄，却在不久前忽然消失，真是蹊跷。,,,,,,,,,,,,
238,1037,师父说千叶师姐就是在这里救的你，但是真的毫无印象啊！,0,你的千叶师姐就是在这救你的，村子的事情你是否还有些印象？,,,,,,,,,,,,
239,1037,不是吧，这么巧？师父我是真失忆了……,0,罢了，这村子虽不与外界往来，却因灵力充足而闻名。,,,,,,,,,,,,
240,1037,村子的事情暂时搁置，采采石头打打铁补充下军需物资。,0,村子的事情由我调查，你且去采集些玄铁石，为师要多铸些兵器备战！,,,,,,,,,,,,
241,1037,是，师父！保证办到。,0,这里真是宝地，连玄铁石都那么精纯，到底什么原因呢？,,,,,,,,,,,,
242,1037,虽然还没有玩够，但还是正事要紧，回城找师父吧。,0,孩童已经救出，为师亦调查好事情，你和为师一起回城吧。,,,,,,,,,,,,
243,1018,这就回去啊，还没玩够(st),0,经过那么多的历练你的修为突飞猛进，果然是个修仙奇才。,,,,,,,,,,,,
244,1018,为师觉得竹林村一事与魔域有关，你去问问傲八方最近魔域怎么样了？,0,魔域对这场战争准备好充足啊！还让不让人玩了！,,,,,,,,,,,,
245,1017,魔族人都向西迁徙了，魔域现在是一片废墟。,0,冥苍把那里作为魔兵傀儡的试验场，魔族人不迁徙才怪。,,,,,,,,,,,,
246,1017,魔域废墟的那些傀儡真是让人头疼，你前去帮助元虚道长处理此事吧。,0,这些恶心家伙放任不管只会祸害更多人！真烦！,,,,,,,,,,,,
247,1041,你能帮忙真是太好了！最近到处都流传你惩奸除恶的美名！,0,虽然我不在江湖，但江湖上到处都是我的传说！,,,,,,,,,,,,
248,1038,眼下兄弟们被那些匪类挫败状态失常，你去让王大锤鼓舞下士气。,0,锤锤是个逗比，应该挺能鼓舞人心的！,,,,,,,,,,,,
249,1039,万万没想到我们竟然输了！不过我早晚会打得他们满地找牙！,0,锤锤有志气！锤锤好样的！,,,,,,,,,,,,
250,1039,兄弟们士气低落也跟饷银没发放到位有关，你帮我把饷银取来。,0,果然工作没做到位啊……,,,,,,,,,,,,
251,1039,解决兄弟们的后顾之忧，才能保证他们全身心的投入战斗。,0,确实如此，既要有理想还要有牛奶和面包。,,,,,,,,,,,,
252,1039,现在兄弟们都专心刻苦训练，你告知将军我们随时都能开战！,0,锤锤有志气！锤锤好样的！,,,,,,,,,,,,
253,1038,养兵千日用兵一时，兄弟们重整旗鼓随时都能碾压敌人！,,,,,,,,,,,,,,
254,1041,这些傀儡本是一些平凡的小妖甚至凡人，你可知为何变成这样？,0,肯定是魔域坏人用来什么特殊的方法。,,,,,,,,,,,,
255,1041,魔域抽干了它们精元，用魔气培养成行尸走肉杀人工具。,0,残暴之极！魔域简直丧心病狂！,,,,,,,,,,,,
256,1041,归元那个小子不知道跑哪儿去了，你且去找找别让他伤着。,0,这种宝贝疙瘩你们还舍得带这里来？！,,,,,,,,,,,,
257,1042,元虚师叔让你来的吧？我就知道！本少爷的事他始终不放心。,0,额，这一刻我真想变成傀儡咬你……,,,,,,,,,,,,
258,1042,这里那么危险，你知道本少爷为什么坚持要来吗？,0,小少爷你风流倜傥当然肯定不是来为民除害的喽。,,,,,,,,,,,,
259,1042,本少爷打小出身贫寒，多亏了救苦救难的青云山……,0,你的样子很像家里有六个保姆十几个保安。,,,,,,,,,,,,
260,1042,总之我要报答他们！可是我打不过！你就小小的帮忙打一下下。,0,然后算你头上是吗……（白眼）,,,,,,,,,,,,
261,1042,本少爷真是武功绝顶！这下师叔不能说我瞎捣乱了！,0,小孩子不会打怪还到处跑，就是瞎捣乱！,,,,,,,,,,,,
262,1042,本少爷其实还有个小小的请求，你能找空妙儿吗？希望她不会有事。,0,你们俩真是搞事kid，能不能省点心啊！,,,,,,,,,,,,
263,1043,嘻嘻，我安全的很，现在我能独自使用引魔烟啦！,0,别！你可千万别用了，真是不嫌事儿多。,,,,,,,,,,,,
264,1043,其实我不是有意跑出来的，我就是想采点无心草，你要懂我啊。,0,我真不懂你，是不是采完草就回去？那我帮忙。,,,,,,,,,,,,
265,1043,这里的无心草果然和青云山的不一样，又大又漂亮！,0,你开心就好，早点到师叔那里去才行。,,,,,,,,,,,,
266,1043,好吧，这样的宝贝也是难得，让我也见识见识。,0,有了这些宝贝，又可以制作出好多好玩意了，真是开心。,,,,,,,,,,,,
267,1043,都是用来恶作剧的吧，看你一脸小人得志的样子，哎。,,,,,,,,,,,,,,
268,1043,大功告成！既然事情已经办完，你去告诉千叶师姐我随后就到。,0,师姐说得对，师姐请息怒。,,,,,,,,,,,,
269,1044,小孩子简直胡闹，这么危险的地方还到处乱跑，真气人！,,,,,,,,,,,,,,
270,1044,魔尊冥苍多年来一直想像他哥哥一样统一六界，你可知道他哥哥怎么死的？,0,不是被诸神诛杀吗？,,,,,,,,,,,,
271,1044,不错，冥夜统治残暴滥杀无辜，最终被诸神诛杀而元石碎裂。,0,元石碎裂？冥苍现在要集齐的就是元石碎片。,,,,,,,,,,,,
272,1044,冥夜死后凝结成一颗元石，你可知这威力无比的元石怎么就成了碎片？,0,大家都想要呗，有人抢就成了碎片。,,,,,,,,,,,,
273,1044,为了防止这种统治六界的力量被恶人所得，诸神将元石分裂封印起来。,0,看来冥苍就是想得到这股统一六界的力量。,3001,宵小之徒果然浅薄，强大的力量怎能是世俗所能理解的！,,,,,,,,,,
274,1044,据说我们青云山也封印着一块元石碎片，还有很多故事，你可以问问大师兄。,0,青云派作为第一修仙门派果然是有故事的。,,,,,,,,,,,,
275,1045,这是我们青云派的秘密，守卫被封印的元石碎片是我们的职责。,0,这样看来，冥苍要想集齐碎片还得问问我们青云山答不答应！,,,,,,,,,,,,
276,1045,我来此地还为了采集些傀儡标本用于研究，你也一块帮忙采集吧。,0,师兄，你的研究真是重口味。,,,,,,,,,,,,
277,1045,知道这些傀儡的培养方法和致命弱点，就能出奇制胜！,0,有道理，知己知彼百战百胜。,,,,,,,,,,,,
278,1045,我们抓到了一个魔族人，这人说要见见你，你且去看看究竟何人。,0,想见我？我的美名都传到魔族去了？,,,,,,,,,,,,
279,1046,我想来找你玩，他们凭什么要抓我？你们不是只抓坏人吗？,0,竟然是你，别紧张，你这样乱闯不被抓才怪。,,,,,,,,,,,,
280,1046,为了找你玩，连我都给这些傻家伙盯上了，你不会见死不救吧。,0,怎么会……咱们是朋友，看我来解决他们。,,,,,,,,,,,,
281,1046,真是太险了，谢谢你，我记得你说过你在青云山修仙。,0,是的！我要不断超越自我！,,,,,,,,,,,,
282,1046,我来其实想告诉你，魔尊已经盯上了青云山，你要告诉你们掌门啊！,0,是因为元石碎片吗？谢谢你朋友，我这就去告知掌门。,,,,,,,,,,,,
283,1047,该来的总是要来，我派誓死守卫，决不能让冥苍的阴谋得逞！,0,掌门放心，我一定好好修炼，打败冥苍！,,,,,,,,,,,,
284,1047,吾本不愿告诉你，奈何你体内的魔气怎会日益强劲？,0,掌门你到底想说什么？,,,,,,,,,,,,
285,1047,初见你时你就被魔气所染，吾暗中用清气封印，没想到如此不稳定。,0,我真的是半魔吗？很多人说我体内有魔气。,3001,哈哈！半仙半魔的体质正是你的优势！尊上已经等你很久了！,,,,,,,,,,
286,1047,吾已为你加固封印，你且试试现在气息如何？打怪怎么样？,0,忽然身体轻了许多，我砍怪试试。,,,,,,,,,,,,
287,1047,你体内的魔气不同于傀儡的魔气，善加利用将威力无穷。,0,意思是我好好利用，可以随时切换两种形态咯。,,,,,,,,,,,,
288,1047,这里的事情交给别人处理，你身子不好让你师父给你好好调理吧。,0,是，掌门。,,,,,,,,,,,,
289,1018,你的虚弱是由于无法适应如此强大的魔气所致，既已封印切莫胡思乱想。,0,师父，我不会胡思乱想的，我会认真修仙好好做修士。,,,,,,,,,,,,
290,1018,你能安分点修仙就好，为师担心你的性格……,0,我有什么好担心的？,,,,,,,,,,,,
291,1018,你体内仙魔两气交错，威力无比，加上嫉恶如仇的性格是不能安分的。,0,师父，既然这是股强大的力量，就让我来对付坏人好了！,,,,,,,,,,,,
292,1018,修仙需要静心静气，你这性子还得需要了无音大师指点指点。,0,了无音大师？我这就去找他。,,,,,,,,,,,,
293,1025,平常心是道，施主何不泰然处事，万事顺己本心。,0,大师说的对！我好像似乎明白了什么。,,,,,,,,,,,,
294,1025,普度众生，救苦救难，施主可知自己体质特殊的原因？,0,我失忆了，并不知。,,,,,,,,,,,,
295,1025,与其说施主失忆，不如说施主本没有记忆……,0,本没有记忆？大师你不要吓唬我！,,,,,,,,,,,,
296,1048,终于看到一个活人了。快！救命！帮我弄点狼血来，我又渴又饿。,0,看你饥饿的样子可以吃人了！,,,,,,,,,,,,
297,1048,咳！咳！终于缓过来了，我这把老骨头差点交代在这里。,0,你一个老人家不找个好地方养老，来此处干嘛。,,,,,,,,,,,,
298,1049,这个山快被土匪占领了，多少无辜百姓要遭殃，你去铲除他们。,0,说的我小宇宙都爆发了！坏人都去死吧！,,,,,,,,,,,,
299,1049,你身手真不错，师叔他们没有给你开小灶吧，你武功进步的这么快。,0,我人聪明勤奋，学什么都事半功倍。,,,,,,,,,,,,
300,1050,常言道以毒攻毒，这些看起来凶凶哒毒蝎能解百毒，你帮我捉些回来吧。,0,这些凶凶哒家伙聚在一起真}人，不管了，杀了再说。,,,,,,,,,,,,
301,1050,这下又可以做好多解药救人了，你真是个不错的同门。,0,下次能不能先给我蝎毒的解药啊……,,,,,,,,,,,,
302,1028,这些看着像狼的都是什么怪物啊，吃人不吐骨头！你赶紧去铲除他们。,0,这些吃人不吐骨头的家伙，我来好好教训教训。,,,,,,,,,,,,
303,1028,你这不凡的身手真是闪瞎我的眼，我想到了我逝去的青春。,0,不用这么煽情吧……真感人肺腑。,,,,,,,,,,,,
304,1028,那里还有一些体格强壮的家伙，真是顽固的很，你去铲除他们。,0,这些只是块头大而已，放心交给我吧。,,,,,,,,,,,,
305,1028,这些家伙打伤了我们好多兄弟，没想到你一下子就解决了。,0,武功高强，就要承担更多的责任，我真是责任重大啊。,,,,,,,,,,,,
306,1029,你体内仙魔两气交汇，对身体损害较大，应采些魔物精元好好补补。,0,我近来也是特别疲乏，原来是这样吗？,,,,,,,,,,,,
307,1029,一个修仙之人拥有我们的气味，真是有趣，让人羡慕。,0,羡慕个毛线啊！我只想安静地修仙！,,,,,,,,,,,,
308,1033,灵魔熊是我们魔族的宝贝，与它们打斗能够快速提升功力，你试试吧。,0,这种方法简直就像作弊，我姑且试试吧。,,,,,,,,,,,,
309,1033,怎么样，我们魔族的朋友，这个礼物如何？,0,说实在的我开始有点喜欢你们了。,,,,,,,,,,,,
310,1031,这里的鬼魅竟然会摄人心魄，实在是难缠，你赶紧去解决它们。,0,这招式太猥琐了，我来解决它们！,,,,,,,,,,,,
311,1031,没想到你下山一趟术法进步这么快，果然是个修仙的奇才。,0,花姑娘谬赞了，你也不错的，是好多人的女神呢。,,,,,,,,,,,,
312,1042,本少爷刚看到这里有一些奇怪的猪，你有兴趣可以去见识见识。,0,这年头猪都成精了，我去瞧瞧。,,,,,,,,,,,,
313,1042,一堆害人的丑家伙，丑就不说还来欺负本少爷，该死。,0,还好少爷你的心肠不坏，不害人。,,,,,,,,,,,,
314,1052,这地方怎么会有这么丑的鬼，真让人反胃，你去铲除他们吧。,0,做妖魔也是要看颜值的啊……,,,,,,,,,,,,
315,1052,本来这地方讨伐坏人的，遇上这些丑家伙真是恶心死人家了。,0,说得好像你很美一样……,,,,,,,,,,,,
316,1051,这里到处都是害人的行尸走肉，得想办法速度解决才行。,0,这些都是被魔气养出来的傀儡，我去砍死它们。,,,,,,,,,,,,
317,1051,我本该在深山休息，奈何魔域四处作恶，我实在不能忍了！,0,忍无可忍无需再忍！一起讨伐坏蛋吧！,,,,,,,,,,,,
318,1051,魔气真是厉害，僵尸都能被培养成杀人利器，只能动手解决了。,0,打僵尸的游戏还是有些意思，交给我了。,,,,,,,,,,,,
319,1051,年轻人真是前途无量，心地好武功高，真是个好孩子。,0,谢谢姥姥夸奖，我还会继续努力的！,,,,,,,,,,,,
320,1051,嗜血魔兵还在四处作恶，实在是罪大恶极，击杀他们为民除害吧。,0,这个魔兵估计是试验失败的产物吧，真是残忍。,,,,,,,,,,,,
321,1051,魔尊这般残忍还妄想统一六界，真是自寻死路。,0,姥姥说的是，我不会让他得逞的！,,,,,,,,,,,,
